dataset,method,dim,n_graphs,n_clusters,nmi,ari,acc,silhouette
MUTAG,NetLSD,64,188,2,0.246877,0.302029,0.776596,0.575687
MUTAG,NetLSD,128,188,2,0.246877,0.302029,0.776596,0.575687
MUTAG,NetLSD,256,188,2,0.246877,0.302029,0.776596,0.575687
ENZYMES,NetLSD,64,600,6,0.043027,0.015893,0.241667,0.536937
ENZYMES,NetLSD,128,600,6,0.043027,0.015893,0.241667,0.536937
ENZYMES,NetLSD,256,600,6,0.043027,0.015893,0.241667,0.536937
IMDB-MULTI,NetLSD,64,1500,3,0.021031,0.015675,0.41,0.545977
IMDB-MULTI,NetLSD,128,1500,3,0.021031,0.015675,0.41,0.545977
IMDB-MULTI,NetLSD,256,1500,3,0.021031,0.015675,0.41,0.545977
