dataset,method,run_name,split,dim,n_graphs,n_clusters,cluster_alg,nmi,ari,acc,silhouette
MUTAG,GIN,gin_dim128_ep200_lr0.0005_drop0.0_pooladd_gfeat1_norm1_attr1_ls0.05_de0.2,all,643,188,2,kmeans,0.216846,0.147622,0.696809,0.423914
MUTAG,GIN,gin_dim128_ep200_lr0.0005_drop0.0_pooladd_gfeat1_norm1_attr1_ls0.05_de0.2,all,643,188,2,spectral,0.23699,0.155812,0.702128,0.422999
MUTAG,GIN,gin_dim128_ep200_lr0.0005_drop0.4_pooladd_gfeat1_norm1_attr1_ls0.05_de0.2,all,643,188,2,kmeans,0.282458,0.10957,0.675532,0.491538
MUTAG,GIN,gin_dim128_ep200_lr0.0005_drop0.4_pooladd_gfeat1_norm1_attr1_ls0.05_de0.2,all,643,188,2,spectral,0.186766,-0.019781,0.56383,0.429799
MUTAG,GIN,gin_dim128_ep200_lr0.001_drop0.0_pooladd_gfeat1_norm1_attr1_ls0.05_de0.2,all,643,188,2,kmeans,0.006493,-0.005264,0.659574,0.930839
MUTAG,GIN,gin_dim128_ep200_lr0.001_drop0.0_pooladd_gfeat1_norm1_attr1_ls0.05_de0.2,all,643,188,2,spectral,0.186766,-0.019781,0.56383,0.468721
MUTAG,GIN,gin_dim128_ep200_lr0.001_drop0.4_pooladd_gfeat1_norm1_attr1_ls0.05_de0.2,all,643,188,2,kmeans,0.208584,0.175977,0.712766,0.406318
MUTAG,GIN,gin_dim128_ep200_lr0.001_drop0.4_pooladd_gfeat1_norm1_attr1_ls0.05_de0.2,all,643,188,2,spectral,0.111229,-0.060679,0.537234,0.364118
MUTAG,GIN,gin_dim128_ep500_lr0.0005_drop0.0_pooladd_gfeat1_norm1_attr1_ls0.05_de0.2,all,643,188,2,kmeans,0.017421,0.010444,0.670213,0.89491
MUTAG,GIN,gin_dim128_ep500_lr0.0005_drop0.0_pooladd_gfeat1_norm1_attr1_ls0.05_de0.2,all,643,188,2,spectral,0.076697,-0.057024,0.542553,0.513495
MUTAG,GIN,gin_dim128_ep500_lr0.0005_drop0.4_pooladd_gfeat1_norm1_attr1_ls0.05_de0.2,all,643,188,2,kmeans,0.24449,0.102732,0.670213,0.48054
MUTAG,GIN,gin_dim128_ep500_lr0.0005_drop0.4_pooladd_gfeat1_norm1_attr1_ls0.05_de0.2,all,643,188,2,spectral,0.186766,-0.019781,0.56383,0.415565
MUTAG,GIN,gin_dim128_ep500_lr0.001_drop0.0_pooladd_gfeat1_norm1_attr1_ls0.05_de0.2,all,643,188,2,kmeans,0.292846,0.126413,0.68617,0.576864
MUTAG,GIN,gin_dim128_ep500_lr0.001_drop0.0_pooladd_gfeat1_norm1_attr1_ls0.05_de0.2,all,643,188,2,spectral,0.111229,-0.060679,0.537234,0.442416
MUTAG,GIN,gin_dim128_ep500_lr0.001_drop0.4_pooladd_gfeat1_norm1_attr1_ls0.05_de0.2,all,643,188,2,kmeans,0.292846,0.126413,0.68617,0.590418
MUTAG,GIN,gin_dim128_ep500_lr0.001_drop0.4_pooladd_gfeat1_norm1_attr1_ls0.05_de0.2,all,643,188,2,spectral,0.267387,0.085782,0.659574,0.596005
MUTAG,GIN,gin_dim256_ep200_lr0.0005_drop0.0_pooladd_gfeat1_norm1_attr1_ls0.05_de0.2,all,1283,188,2,kmeans,0.259932,0.127538,0.68617,0.513105
MUTAG,GIN,gin_dim256_ep200_lr0.0005_drop0.0_pooladd_gfeat1_norm1_attr1_ls0.05_de0.2,all,1283,188,2,spectral,0.195087,-0.011212,0.574468,0.448768
MUTAG,GIN,gin_dim256_ep200_lr0.0005_drop0.4_pooladd_gfeat1_norm1_attr1_ls0.05_de0.2,all,1283,188,2,kmeans,0.292846,0.126413,0.68617,0.497593
MUTAG,GIN,gin_dim256_ep200_lr0.0005_drop0.4_pooladd_gfeat1_norm1_attr1_ls0.05_de0.2,all,1283,188,2,spectral,0.111229,-0.060679,0.537234,0.417478
MUTAG,GIN,gin_dim256_ep200_lr0.001_drop0.0_pooladd_gfeat1_norm1_attr1_ls0.05_de0.2,all,1283,188,2,kmeans,0.140714,0.109877,0.670213,0.466064
MUTAG,GIN,gin_dim256_ep200_lr0.001_drop0.0_pooladd_gfeat1_norm1_attr1_ls0.05_de0.2,all,1283,188,2,spectral,0.016445,-0.033921,0.547872,0.438224
MUTAG,GIN,gin_dim256_ep200_lr0.001_drop0.4_pooladd_gfeat1_norm1_attr1_ls0.05_de0.2,all,1283,188,2,kmeans,0.29815,0.13513,0.691489,0.621074
MUTAG,GIN,gin_dim256_ep200_lr0.001_drop0.4_pooladd_gfeat1_norm1_attr1_ls0.05_de0.2,all,1283,188,2,spectral,0.091305,-0.058848,0.56383,0.125347
MUTAG,GIN,gin_dim256_ep500_lr0.0005_drop0.0_pooladd_gfeat1_norm1_attr1_ls0.05_de0.2,all,1283,188,2,kmeans,0.006493,-0.005264,0.659574,0.915148
MUTAG,GIN,gin_dim256_ep500_lr0.0005_drop0.0_pooladd_gfeat1_norm1_attr1_ls0.05_de0.2,all,1283,188,2,spectral,0.111229,-0.060679,0.537234,0.526045
MUTAG,GIN,gin_dim256_ep500_lr0.0005_drop0.4_pooladd_gfeat1_norm1_attr1_ls0.05_de0.2,all,1283,188,2,kmeans,0.277369,0.101444,0.670213,0.60712
MUTAG,GIN,gin_dim256_ep500_lr0.0005_drop0.4_pooladd_gfeat1_norm1_attr1_ls0.05_de0.2,all,1283,188,2,spectral,0.091305,-0.058848,0.56383,0.107955
MUTAG,GIN,gin_dim256_ep500_lr0.001_drop0.0_pooladd_gfeat1_norm1_attr1_ls0.05_de0.2,all,1283,188,2,kmeans,0.277369,0.101444,0.670213,0.552816
MUTAG,GIN,gin_dim256_ep500_lr0.001_drop0.0_pooladd_gfeat1_norm1_attr1_ls0.05_de0.2,all,1283,188,2,spectral,0.087248,-0.057826,0.569149,0.052917
MUTAG,GIN,gin_dim256_ep500_lr0.001_drop0.4_pooladd_gfeat1_norm1_attr1_ls0.05_de0.2,all,1283,188,2,kmeans,0.277369,0.101444,0.670213,0.631926
MUTAG,GIN,gin_dim256_ep500_lr0.001_drop0.4_pooladd_gfeat1_norm1_attr1_ls0.05_de0.2,all,1283,188,2,spectral,0.10728,-0.060745,0.542553,0.460403
MUTAG,GIN,gin_dim64_ep200_lr0.0005_drop0.0_pooladd_gfeat1_norm1_attr1_ls0.05_de0.2,all,323,188,2,kmeans,0.237439,0.225155,0.739362,0.404961
MUTAG,GIN,gin_dim64_ep200_lr0.0005_drop0.0_pooladd_gfeat1_norm1_attr1_ls0.05_de0.2,all,323,188,2,spectral,0.114037,-0.002428,0.574468,0.39673
MUTAG,GIN,gin_dim64_ep200_lr0.0005_drop0.4_pooladd_gfeat1_norm1_attr1_ls0.05_de0.2,all,323,188,2,kmeans,0.259421,0.19366,0.723404,0.480086
MUTAG,GIN,gin_dim64_ep200_lr0.0005_drop0.4_pooladd_gfeat1_norm1_attr1_ls0.05_de0.2,all,323,188,2,spectral,0.186766,-0.019781,0.56383,0.416698
MUTAG,GIN,gin_dim64_ep200_lr0.001_drop0.0_pooladd_gfeat1_norm1_attr1_ls0.05_de0.2,all,323,188,2,kmeans,0.205965,0.105041,0.670213,0.509963
MUTAG,GIN,gin_dim64_ep200_lr0.001_drop0.0_pooladd_gfeat1_norm1_attr1_ls0.05_de0.2,all,323,188,2,spectral,0.205965,0.105041,0.670213,0.509963
MUTAG,GIN,gin_dim64_ep200_lr0.001_drop0.4_pooladd_gfeat1_norm1_attr1_ls0.05_de0.2,all,323,188,2,kmeans,0.287617,0.117893,0.680851,0.550176
MUTAG,GIN,gin_dim64_ep200_lr0.001_drop0.4_pooladd_gfeat1_norm1_attr1_ls0.05_de0.2,all,323,188,2,spectral,0.267387,0.085782,0.659574,0.552183
MUTAG,GIN,gin_dim64_ep500_lr0.0005_drop0.0_pooladd_gfeat1_norm1_attr1_ls0.05_de0.2,all,323,188,2,kmeans,0.198789,0.139646,0.691489,0.429468
MUTAG,GIN,gin_dim64_ep500_lr0.0005_drop0.0_pooladd_gfeat1_norm1_attr1_ls0.05_de0.2,all,323,188,2,spectral,0.109918,0.10411,0.664894,0.377702
MUTAG,GIN,gin_dim64_ep500_lr0.0005_drop0.4_pooladd_gfeat1_norm1_attr1_ls0.05_de0.2,all,323,188,2,kmeans,0.243573,0.235607,0.744681,0.444536
MUTAG,GIN,gin_dim64_ep500_lr0.0005_drop0.4_pooladd_gfeat1_norm1_attr1_ls0.05_de0.2,all,323,188,2,spectral,0.171029,0.000385,0.585106,0.394103
MUTAG,GIN,gin_dim64_ep500_lr0.001_drop0.0_pooladd_gfeat1_norm1_attr1_ls0.05_de0.2,all,323,188,2,kmeans,0.282458,0.10957,0.675532,0.423833
MUTAG,GIN,gin_dim64_ep500_lr0.001_drop0.0_pooladd_gfeat1_norm1_attr1_ls0.05_de0.2,all,323,188,2,spectral,0.186766,-0.019781,0.56383,0.371131
MUTAG,GIN,gin_dim64_ep500_lr0.001_drop0.4_pooladd_gfeat1_norm1_attr1_ls0.05_de0.2,all,323,188,2,kmeans,0.239481,0.094858,0.664894,0.488336
MUTAG,GIN,gin_dim64_ep500_lr0.001_drop0.4_pooladd_gfeat1_norm1_attr1_ls0.05_de0.2,all,323,188,2,spectral,0.267387,0.085782,0.659574,0.48195
ENZYMES,GIN,gin_dim128_ep300_lr0.0005_drop0.0_pooladd_gfeat0_norm1_attr1_ls0.05_de0.2,all,768,600,6,kmeans,0.057142,0.01284,0.226667,0.218018
ENZYMES,GIN,gin_dim128_ep300_lr0.0005_drop0.0_pooladd_gfeat0_norm1_attr1_ls0.05_de0.2,all,768,600,6,spectral,0.070069,0.020396,0.271667,0.051194
ENZYMES,GIN,gin_dim128_ep300_lr0.0005_drop0.4_pooladd_gfeat0_norm1_attr1_ls0.05_de0.2,all,768,600,6,kmeans,0.066302,0.003214,0.185,0.925532
ENZYMES,GIN,gin_dim128_ep300_lr0.0005_drop0.4_pooladd_gfeat0_norm1_attr1_ls0.05_de0.2,all,768,600,6,spectral,0.087669,0.014377,0.288333,0.050308
ENZYMES,GIN,gin_dim128_ep300_lr0.001_drop0.0_pooladd_gfeat0_norm1_attr1_ls0.05_de0.2,all,768,600,6,kmeans,0.057673,0.002541,0.188333,0.89783
ENZYMES,GIN,gin_dim128_ep300_lr0.001_drop0.0_pooladd_gfeat0_norm1_attr1_ls0.05_de0.2,all,768,600,6,spectral,0.072918,0.026327,0.285,0.080228
ENZYMES,GIN,gin_dim128_ep300_lr0.001_drop0.4_pooladd_gfeat0_norm1_attr1_ls0.05_de0.2,all,768,600,6,kmeans,0.061764,0.003576,0.191667,0.731852
ENZYMES,GIN,gin_dim128_ep300_lr0.001_drop0.4_pooladd_gfeat0_norm1_attr1_ls0.05_de0.2,all,768,600,6,spectral,0.078292,0.019406,0.278333,0.133112
ENZYMES,GIN,gin_dim128_ep800_lr0.0005_drop0.0_pooladd_gfeat0_norm1_attr1_ls0.05_de0.2,all,768,600,6,kmeans,0.056634,0.007279,0.216667,0.397703
ENZYMES,GIN,gin_dim128_ep800_lr0.0005_drop0.0_pooladd_gfeat0_norm1_attr1_ls0.05_de0.2,all,768,600,6,spectral,0.074944,0.017913,0.271667,0.037503
ENZYMES,GIN,gin_dim128_ep800_lr0.0005_drop0.4_pooladd_gfeat0_norm1_attr1_ls0.05_de0.2,all,768,600,6,kmeans,0.055693,0.008775,0.225,0.294683
ENZYMES,GIN,gin_dim128_ep800_lr0.0005_drop0.4_pooladd_gfeat0_norm1_attr1_ls0.05_de0.2,all,768,600,6,spectral,0.065153,0.020997,0.278333,0.156083
ENZYMES,GIN,gin_dim128_ep800_lr0.001_drop0.0_pooladd_gfeat0_norm1_attr1_ls0.05_de0.2,all,768,600,6,kmeans,0.054209,0.013793,0.231667,0.262605
ENZYMES,GIN,gin_dim128_ep800_lr0.001_drop0.0_pooladd_gfeat0_norm1_attr1_ls0.05_de0.2,all,768,600,6,spectral,0.071104,0.020532,0.273333,0.137969
ENZYMES,GIN,gin_dim128_ep800_lr0.001_drop0.4_pooladd_gfeat0_norm1_attr1_ls0.05_de0.2,all,768,600,6,kmeans,0.048753,0.001615,0.176667,0.944562
ENZYMES,GIN,gin_dim128_ep800_lr0.001_drop0.4_pooladd_gfeat0_norm1_attr1_ls0.05_de0.2,all,768,600,6,spectral,0.112387,0.033999,0.285,0.032466
ENZYMES,GIN,gin_dim256_ep300_lr0.0005_drop0.0_pooladd_gfeat0_norm1_attr1_ls0.05_de0.2,all,1536,600,6,kmeans,0.050357,0.004092,0.213333,0.337762
ENZYMES,GIN,gin_dim256_ep300_lr0.0005_drop0.0_pooladd_gfeat0_norm1_attr1_ls0.05_de0.2,all,1536,600,6,spectral,0.076538,0.019053,0.28,0.03685
ENZYMES,GIN,gin_dim256_ep300_lr0.0005_drop0.4_pooladd_gfeat0_norm1_attr1_ls0.05_de0.2,all,1536,600,6,kmeans,0.057014,0.002326,0.18,0.92626
ENZYMES,GIN,gin_dim256_ep300_lr0.0005_drop0.4_pooladd_gfeat0_norm1_attr1_ls0.05_de0.2,all,1536,600,6,spectral,0.097144,0.030259,0.305,0.058192
ENZYMES,GIN,gin_dim256_ep300_lr0.001_drop0.0_pooladd_gfeat0_norm1_attr1_ls0.05_de0.2,all,1536,600,6,kmeans,0.059068,0.002349,0.181667,0.874947
ENZYMES,GIN,gin_dim256_ep300_lr0.001_drop0.0_pooladd_gfeat0_norm1_attr1_ls0.05_de0.2,all,1536,600,6,spectral,0.121225,0.023238,0.301667,0.019524
ENZYMES,GIN,gin_dim256_ep300_lr0.001_drop0.4_pooladd_gfeat0_norm1_attr1_ls0.05_de0.2,all,1536,600,6,kmeans,0.05321,0.002014,0.185,0.857169
ENZYMES,GIN,gin_dim256_ep300_lr0.001_drop0.4_pooladd_gfeat0_norm1_attr1_ls0.05_de0.2,all,1536,600,6,spectral,0.220555,0.128252,0.365,0.075505
ENZYMES,GIN,gin_dim256_ep800_lr0.0005_drop0.0_pooladd_gfeat0_norm1_attr1_ls0.05_de0.2,all,1536,600,6,kmeans,0.069162,0.011445,0.228333,0.418243
ENZYMES,GIN,gin_dim256_ep800_lr0.0005_drop0.0_pooladd_gfeat0_norm1_attr1_ls0.05_de0.2,all,1536,600,6,spectral,0.079985,0.021941,0.258333,0.051859
ENZYMES,GIN,gin_dim256_ep800_lr0.0005_drop0.4_pooladd_gfeat0_norm1_attr1_ls0.05_de0.2,all,1536,600,6,kmeans,0.052176,0.001813,0.181667,0.931194
ENZYMES,GIN,gin_dim256_ep800_lr0.0005_drop0.4_pooladd_gfeat0_norm1_attr1_ls0.05_de0.2,all,1536,600,6,spectral,0.109968,0.031031,0.303333,0.037145
ENZYMES,GIN,gin_dim256_ep800_lr0.001_drop0.0_pooladd_gfeat0_norm1_attr1_ls0.05_de0.2,all,1536,600,6,kmeans,0.060312,0.002382,0.18,0.94709
ENZYMES,GIN,gin_dim256_ep800_lr0.001_drop0.0_pooladd_gfeat0_norm1_attr1_ls0.05_de0.2,all,1536,600,6,spectral,0.079682,0.023878,0.276667,-0.027368
ENZYMES,GIN,gin_dim256_ep800_lr0.001_drop0.4_pooladd_gfeat0_norm1_attr1_ls0.05_de0.2,all,1536,600,6,kmeans,0.058432,0.002399,0.181667,0.915301
ENZYMES,GIN,gin_dim256_ep800_lr0.001_drop0.4_pooladd_gfeat0_norm1_attr1_ls0.05_de0.2,all,1536,600,6,spectral,0.102993,0.03176,0.285,0.005823
ENZYMES,GIN,gin_dim64_ep300_lr0.0005_drop0.0_pooladd_gfeat0_norm1_attr1_ls0.05_de0.2,all,384,600,6,kmeans,0.032258,0.002638,0.196667,0.674641
ENZYMES,GIN,gin_dim64_ep300_lr0.0005_drop0.0_pooladd_gfeat0_norm1_attr1_ls0.05_de0.2,all,384,600,6,spectral,0.055987,0.012493,0.27,0.021656
ENZYMES,GIN,gin_dim64_ep300_lr0.0005_drop0.4_pooladd_gfeat0_norm1_attr1_ls0.05_de0.2,all,384,600,6,kmeans,0.050226,0.00862,0.226667,0.316742
ENZYMES,GIN,gin_dim64_ep300_lr0.0005_drop0.4_pooladd_gfeat0_norm1_attr1_ls0.05_de0.2,all,384,600,6,spectral,0.075223,0.01843,0.268333,0.15275
ENZYMES,GIN,gin_dim64_ep300_lr0.001_drop0.0_pooladd_gfeat0_norm1_attr1_ls0.05_de0.2,all,384,600,6,kmeans,0.052446,0.005747,0.221667,0.495833
ENZYMES,GIN,gin_dim64_ep300_lr0.001_drop0.0_pooladd_gfeat0_norm1_attr1_ls0.05_de0.2,all,384,600,6,spectral,0.086849,0.017863,0.275,0.090276
ENZYMES,GIN,gin_dim64_ep300_lr0.001_drop0.4_pooladd_gfeat0_norm1_attr1_ls0.05_de0.2,all,384,600,6,kmeans,0.056425,0.002437,0.185,0.931281
ENZYMES,GIN,gin_dim64_ep300_lr0.001_drop0.4_pooladd_gfeat0_norm1_attr1_ls0.05_de0.2,all,384,600,6,spectral,0.091292,0.017232,0.278333,0.063965
ENZYMES,GIN,gin_dim64_ep800_lr0.0005_drop0.0_pooladd_gfeat0_norm1_attr1_ls0.05_de0.2,all,384,600,6,kmeans,0.056375,0.010118,0.235,0.287759
ENZYMES,GIN,gin_dim64_ep800_lr0.0005_drop0.0_pooladd_gfeat0_norm1_attr1_ls0.05_de0.2,all,384,600,6,spectral,0.059268,0.010295,0.251667,0.07239
ENZYMES,GIN,gin_dim64_ep800_lr0.0005_drop0.4_pooladd_gfeat0_norm1_attr1_ls0.05_de0.2,all,384,600,6,kmeans,0.066665,0.00332,0.19,0.824769
ENZYMES,GIN,gin_dim64_ep800_lr0.0005_drop0.4_pooladd_gfeat0_norm1_attr1_ls0.05_de0.2,all,384,600,6,spectral,0.085353,0.020269,0.28,0.082403
ENZYMES,GIN,gin_dim64_ep800_lr0.001_drop0.0_pooladd_gfeat0_norm1_attr1_ls0.05_de0.2,all,384,600,6,kmeans,0.056432,0.010175,0.231667,0.305595
ENZYMES,GIN,gin_dim64_ep800_lr0.001_drop0.0_pooladd_gfeat0_norm1_attr1_ls0.05_de0.2,all,384,600,6,spectral,0.081729,0.027749,0.281667,0.028532
ENZYMES,GIN,gin_dim64_ep800_lr0.001_drop0.4_pooladd_gfeat0_norm1_attr1_ls0.05_de0.2,all,384,600,6,kmeans,0.063384,0.018178,0.251667,0.32282
ENZYMES,GIN,gin_dim64_ep800_lr0.001_drop0.4_pooladd_gfeat0_norm1_attr1_ls0.05_de0.2,all,384,600,6,spectral,0.081148,0.020286,0.273333,0.156394
IMDB-MULTI,GIN,gin_dim128_ep200_lr0.0005_drop0.0_pooladd_gfeat0_norm1_attr1_ls0.05_de0.2,all,384,1500,3,kmeans,0.023755,0.000744,0.348667,0.926792
IMDB-MULTI,GIN,gin_dim128_ep200_lr0.0005_drop0.0_pooladd_gfeat0_norm1_attr1_ls0.05_de0.2,all,384,1500,3,spectral,0.007019,0.001316,0.346667,0.674068
IMDB-MULTI,GIN,gin_dim128_ep200_lr0.0005_drop0.4_pooladd_gfeat0_norm1_attr1_ls0.05_de0.2,all,384,1500,3,kmeans,0.026684,0.000891,0.351333,0.950482
IMDB-MULTI,GIN,gin_dim128_ep200_lr0.0005_drop0.4_pooladd_gfeat0_norm1_attr1_ls0.05_de0.2,all,384,1500,3,spectral,0.009401,0.005652,0.368,-0.510396
IMDB-MULTI,GIN,gin_dim128_ep200_lr0.001_drop0.0_pooladd_gfeat0_norm1_attr1_ls0.05_de0.2,all,384,1500,3,kmeans,0.02805,0.000937,0.352,0.958094
IMDB-MULTI,GIN,gin_dim128_ep200_lr0.001_drop0.0_pooladd_gfeat0_norm1_attr1_ls0.05_de0.2,all,384,1500,3,spectral,0.004616,0.000489,0.351333,-0.499997
IMDB-MULTI,GIN,gin_dim128_ep200_lr0.001_drop0.4_pooladd_gfeat0_norm1_attr1_ls0.05_de0.2,all,384,1500,3,kmeans,0.022102,0.00087,0.347333,0.966246
IMDB-MULTI,GIN,gin_dim128_ep200_lr0.001_drop0.4_pooladd_gfeat0_norm1_attr1_ls0.05_de0.2,all,384,1500,3,spectral,0.020115,0.00569,0.358667,-0.085624
IMDB-MULTI,GIN,gin_dim128_ep500_lr0.0005_drop0.0_pooladd_gfeat0_norm1_attr1_ls0.05_de0.2,all,384,1500,3,kmeans,0.023755,0.000744,0.348667,0.94208
IMDB-MULTI,GIN,gin_dim128_ep500_lr0.0005_drop0.0_pooladd_gfeat0_norm1_attr1_ls0.05_de0.2,all,384,1500,3,spectral,0.007856,0.003453,0.372,-0.276419
IMDB-MULTI,GIN,gin_dim128_ep500_lr0.0005_drop0.4_pooladd_gfeat0_norm1_attr1_ls0.05_de0.2,all,384,1500,3,kmeans,0.02805,0.000937,0.352,0.950241
IMDB-MULTI,GIN,gin_dim128_ep500_lr0.0005_drop0.4_pooladd_gfeat0_norm1_attr1_ls0.05_de0.2,all,384,1500,3,spectral,0.013565,0.00455,0.368,-0.255835
IMDB-MULTI,GIN,gin_dim128_ep500_lr0.001_drop0.0_pooladd_gfeat0_norm1_attr1_ls0.05_de0.2,all,384,1500,3,kmeans,0.026684,0.000891,0.351333,0.955545
IMDB-MULTI,GIN,gin_dim128_ep500_lr0.001_drop0.0_pooladd_gfeat0_norm1_attr1_ls0.05_de0.2,all,384,1500,3,spectral,0.024852,0.002535,0.364,-0.542196
IMDB-MULTI,GIN,gin_dim128_ep500_lr0.001_drop0.4_pooladd_gfeat0_norm1_attr1_ls0.05_de0.2,all,384,1500,3,kmeans,0.026684,0.000891,0.351333,0.948795
IMDB-MULTI,GIN,gin_dim128_ep500_lr0.001_drop0.4_pooladd_gfeat0_norm1_attr1_ls0.05_de0.2,all,384,1500,3,spectral,0.008833,0.001437,0.36,-0.257501
IMDB-MULTI,GIN,gin_dim256_ep200_lr0.0005_drop0.0_pooladd_gfeat0_norm1_attr1_ls0.05_de0.2,all,768,1500,3,kmeans,0.026684,0.000891,0.351333,0.948699
IMDB-MULTI,GIN,gin_dim256_ep200_lr0.0005_drop0.0_pooladd_gfeat0_norm1_attr1_ls0.05_de0.2,all,768,1500,3,spectral,0.007856,0.003453,0.372,-0.30234
IMDB-MULTI,GIN,gin_dim256_ep200_lr0.0005_drop0.4_pooladd_gfeat0_norm1_attr1_ls0.05_de0.2,all,768,1500,3,kmeans,0.026684,0.000891,0.351333,0.949077
IMDB-MULTI,GIN,gin_dim256_ep200_lr0.0005_drop0.4_pooladd_gfeat0_norm1_attr1_ls0.05_de0.2,all,768,1500,3,spectral,0.004731,0.000791,0.348,-0.457089
IMDB-MULTI,GIN,gin_dim256_ep200_lr0.001_drop0.0_pooladd_gfeat0_norm1_attr1_ls0.05_de0.2,all,768,1500,3,kmeans,0.026684,0.000891,0.351333,0.959542
IMDB-MULTI,GIN,gin_dim256_ep200_lr0.001_drop0.0_pooladd_gfeat0_norm1_attr1_ls0.05_de0.2,all,768,1500,3,spectral,0.006127,0.000254,0.343333,-0.702668
IMDB-MULTI,GIN,gin_dim256_ep200_lr0.001_drop0.4_pooladd_gfeat0_norm1_attr1_ls0.05_de0.2,all,768,1500,3,kmeans,0.022102,0.00087,0.347333,0.972688
IMDB-MULTI,GIN,gin_dim256_ep200_lr0.001_drop0.4_pooladd_gfeat0_norm1_attr1_ls0.05_de0.2,all,768,1500,3,spectral,0.005284,0.000237,0.344,-0.708152
IMDB-MULTI,GIN,gin_dim256_ep500_lr0.0005_drop0.0_pooladd_gfeat0_norm1_attr1_ls0.05_de0.2,all,768,1500,3,kmeans,0.026684,0.000891,0.351333,0.956084
IMDB-MULTI,GIN,gin_dim256_ep500_lr0.0005_drop0.0_pooladd_gfeat0_norm1_attr1_ls0.05_de0.2,all,768,1500,3,spectral,0.010757,0.00439,0.372,-0.407286
IMDB-MULTI,GIN,gin_dim256_ep500_lr0.0005_drop0.4_pooladd_gfeat0_norm1_attr1_ls0.05_de0.2,all,768,1500,3,kmeans,0.02805,0.000937,0.352,0.959935
IMDB-MULTI,GIN,gin_dim256_ep500_lr0.0005_drop0.4_pooladd_gfeat0_norm1_attr1_ls0.05_de0.2,all,768,1500,3,spectral,0.010817,0.00025,0.349333,-0.503865
IMDB-MULTI,GIN,gin_dim256_ep500_lr0.001_drop0.0_pooladd_gfeat0_norm1_attr1_ls0.05_de0.2,all,768,1500,3,kmeans,0.023755,0.000744,0.348667,0.944251
IMDB-MULTI,GIN,gin_dim256_ep500_lr0.001_drop0.0_pooladd_gfeat0_norm1_attr1_ls0.05_de0.2,all,768,1500,3,spectral,0.011311,0.004065,0.379333,-0.30102
IMDB-MULTI,GIN,gin_dim256_ep500_lr0.001_drop0.4_pooladd_gfeat0_norm1_attr1_ls0.05_de0.2,all,768,1500,3,kmeans,0.022102,0.00087,0.347333,0.961645
IMDB-MULTI,GIN,gin_dim256_ep500_lr0.001_drop0.4_pooladd_gfeat0_norm1_attr1_ls0.05_de0.2,all,768,1500,3,spectral,0.015636,0.005319,0.386667,-0.338224
IMDB-MULTI,GIN,gin_dim64_ep200_lr0.0005_drop0.0_pooladd_gfeat0_norm1_attr1_ls0.05_de0.2,all,192,1500,3,kmeans,0.023755,0.000744,0.348667,0.914155
IMDB-MULTI,GIN,gin_dim64_ep200_lr0.0005_drop0.0_pooladd_gfeat0_norm1_attr1_ls0.05_de0.2,all,192,1500,3,spectral,0.006827,0.001917,0.358,-0.409793
IMDB-MULTI,GIN,gin_dim64_ep200_lr0.0005_drop0.4_pooladd_gfeat0_norm1_attr1_ls0.05_de0.2,all,192,1500,3,kmeans,0.024229,0.000775,0.349333,0.923153
IMDB-MULTI,GIN,gin_dim64_ep200_lr0.0005_drop0.4_pooladd_gfeat0_norm1_attr1_ls0.05_de0.2,all,192,1500,3,spectral,0.008302,0.003964,0.375333,-0.144314
IMDB-MULTI,GIN,gin_dim64_ep200_lr0.001_drop0.0_pooladd_gfeat0_norm1_attr1_ls0.05_de0.2,all,192,1500,3,kmeans,0.023755,0.000744,0.348667,0.92701
IMDB-MULTI,GIN,gin_dim64_ep200_lr0.001_drop0.0_pooladd_gfeat0_norm1_attr1_ls0.05_de0.2,all,192,1500,3,spectral,0.008841,0.005049,0.367333,-0.185791
IMDB-MULTI,GIN,gin_dim64_ep200_lr0.001_drop0.4_pooladd_gfeat0_norm1_attr1_ls0.05_de0.2,all,192,1500,3,kmeans,0.026684,0.000891,0.351333,0.934213
IMDB-MULTI,GIN,gin_dim64_ep200_lr0.001_drop0.4_pooladd_gfeat0_norm1_attr1_ls0.05_de0.2,all,192,1500,3,spectral,0.006171,-8.4e-05,0.343333,-0.304622
IMDB-MULTI,GIN,gin_dim64_ep500_lr0.0005_drop0.0_pooladd_gfeat0_norm1_attr1_ls0.05_de0.2,all,192,1500,3,kmeans,0.023755,0.000744,0.348667,0.914979
IMDB-MULTI,GIN,gin_dim64_ep500_lr0.0005_drop0.0_pooladd_gfeat0_norm1_attr1_ls0.05_de0.2,all,192,1500,3,spectral,0.013672,0.004978,0.37,-0.126553
IMDB-MULTI,GIN,gin_dim64_ep500_lr0.0005_drop0.4_pooladd_gfeat0_norm1_attr1_ls0.05_de0.2,all,192,1500,3,kmeans,0.026684,0.000891,0.351333,0.925759
IMDB-MULTI,GIN,gin_dim64_ep500_lr0.0005_drop0.4_pooladd_gfeat0_norm1_attr1_ls0.05_de0.2,all,192,1500,3,spectral,0.00878,0.003821,0.367333,-0.202086
IMDB-MULTI,GIN,gin_dim64_ep500_lr0.001_drop0.0_pooladd_gfeat0_norm1_attr1_ls0.05_de0.2,all,192,1500,3,kmeans,0.023755,0.000744,0.348667,0.898558
IMDB-MULTI,GIN,gin_dim64_ep500_lr0.001_drop0.0_pooladd_gfeat0_norm1_attr1_ls0.05_de0.2,all,192,1500,3,spectral,0.010295,0.003606,0.368,-0.191908
IMDB-MULTI,GIN,gin_dim64_ep500_lr0.001_drop0.4_pooladd_gfeat0_norm1_attr1_ls0.05_de0.2,all,192,1500,3,kmeans,0.026684,0.000891,0.351333,0.947784
IMDB-MULTI,GIN,gin_dim64_ep500_lr0.001_drop0.4_pooladd_gfeat0_norm1_attr1_ls0.05_de0.2,all,192,1500,3,spectral,0.004716,0.001595,0.352667,-0.396271
