dataset,dim,epochs,lr,dropout,it_time_s,embed_time_s,total_time_s,train_acc,val_acc,test_acc,train_f1_macro,val_f1_macro,test_f1_macro,train_auc_macro,val_auc_macro,test_auc_macro,peak_tracemalloc_mb,rss_before_mb,rss_after_mb
MUTAG,64,200,0.001,0.0,6.759248733520508,0.027094364166259766,6.786343097686768,0.76,0.7894736842105263,0.6842105263157895,0.657707910750507,0.6833333333333333,0.40625,0.9574173103584869,0.7307692307692307,0.7435897435897435,1.0781936645507812,824.01171875,1677.26171875
MUTAG,64,200,0.001,0.4,4.865418195724487,0.02717423439025879,4.892592430114746,0.7133333333333334,0.7894736842105263,0.7368421052631579,0.5463816020817216,0.6833333333333333,0.5622119815668203,0.906318082788671,0.6666666666666667,0.8076923076923077,0.9607057571411133,1677.88671875,1690.38671875
MUTAG,64,200,0.0005,0.0,5.349963426589966,0.0266115665435791,5.376574993133545,0.7466666666666667,0.8421052631578947,0.6842105263157895,0.7375207220482594,0.8246153846153846,0.6346153846153846,0.844127550009903,0.8461538461538461,0.4871794871794872,0.9571428298950195,1690.51171875,1690.76171875
MUTAG,64,200,0.0005,0.4,3.44449782371521,0.03499603271484375,3.4794938564300537,0.7066666666666667,0.7368421052631579,0.6842105263157895,0.5416666666666666,0.5622119815668203,0.40625,0.8999801940978411,0.6153846153846154,0.9230769230769231,0.9227132797241211,1690.76171875,1690.88671875
MUTAG,64,500,0.001,0.0,6.396545648574829,0.0279538631439209,6.42449951171875,0.7733333333333333,0.8421052631578947,0.7368421052631579,0.7228863290589003,0.8080808080808081,0.6360153256704981,0.8999801940978411,0.8846153846153847,0.6666666666666666,0.9582672119140625,1690.88671875,1691.13671875
MUTAG,64,500,0.001,0.4,3.9308669567108154,0.0269622802734375,3.957829236984253,0.7466666666666667,0.7894736842105263,0.7368421052631579,0.6459627329192547,0.6833333333333333,0.5622119815668203,0.9027530204000792,0.7948717948717949,0.8717948717948718,0.9911861419677734,1691.13671875,1691.13671875
MUTAG,64,500,0.0005,0.0,4.110901355743408,0.026625633239746094,4.137526988983154,0.7466666666666667,0.8421052631578947,0.6842105263157895,0.6591724467830662,0.7816091954022988,0.525,0.8849277084571202,0.8846153846153847,0.7435897435897437,0.9194364547729492,1691.13671875,1691.13671875
MUTAG,64,500,0.0005,0.4,4.469108581542969,0.027039051055908203,4.496147632598877,0.7533333333333333,0.7894736842105263,0.7368421052631579,0.6586505935174365,0.6833333333333333,0.5622119815668203,0.8712616359675183,0.717948717948718,0.8974358974358975,0.9913463592529297,1691.13671875,1691.13671875
MUTAG,128,200,0.001,0.0,3.761018991470337,0.026862382888793945,3.787881374359131,0.7133333333333334,0.8421052631578947,0.7894736842105263,0.6901868485518037,0.8246153846153846,0.7285714285714285,0.7866904337492573,0.7820512820512822,0.6153846153846154,1.0824651718139648,1691.13671875,1697.51171875
MUTAG,128,200,0.001,0.4,4.489396095275879,0.027370214462280273,4.516766309738159,0.7266666666666667,0.7894736842105263,0.7368421052631579,0.588105284307816,0.6833333333333333,0.5622119815668203,0.9152307387601505,0.8076923076923077,0.9102564102564102,1.19732666015625,1697.51171875,1706.26171875
MUTAG,128,200,0.0005,0.0,3.4234867095947266,0.027538537979125977,3.4510252475738525,0.7333333333333333,0.7894736842105263,0.6842105263157895,0.6114996114996115,0.6833333333333333,0.40625,0.9094870271340859,0.858974358974359,0.8205128205128206,1.1180591583251953,1706.26171875,1706.88671875
MUTAG,128,200,0.0005,0.4,4.125666379928589,0.026973962783813477,4.152640342712402,0.7733333333333333,0.7894736842105263,0.7368421052631579,0.689327485380117,0.6833333333333333,0.5622119815668203,0.9088928500693206,0.7307692307692307,0.858974358974359,1.1935710906982422,1706.88671875,1707.26171875
MUTAG,128,500,0.001,0.0,3.8191702365875244,0.028348445892333984,3.8475186824798584,0.74,0.7894736842105263,0.6842105263157895,0.6329757199322417,0.6833333333333333,0.40625,0.8655179243414537,0.6794871794871795,0.7115384615384616,1.169449806213379,1707.26171875,1707.26171875
MUTAG,128,500,0.001,0.4,5.364518165588379,0.026947498321533203,5.391465663909912,0.72,0.7894736842105263,0.7894736842105263,0.573055028462998,0.6833333333333333,0.6833333333333333,0.9154287977817389,0.8333333333333334,0.8461538461538463,1.196640968322754,1707.26171875,1707.38671875
MUTAG,128,500,0.0005,0.0,4.115729570388794,0.026672840118408203,4.142402410507202,0.76,0.8421052631578947,0.6842105263157895,0.7242647058823529,0.8080808080808081,0.5928571428571429,0.8704693998811646,0.8717948717948718,0.7307692307692308,1.1238059997558594,1707.38671875,1707.63671875
MUTAG,128,500,0.0005,0.4,3.596734046936035,0.0276334285736084,3.6243674755096436,0.7733333333333333,0.7894736842105263,0.7368421052631579,0.689327485380117,0.6833333333333333,0.5622119815668203,0.8892850069320658,0.7307692307692308,0.8461538461538461,1.1729393005371094,1707.63671875,1707.63671875
MUTAG,256,200,0.001,0.0,3.5878775119781494,0.028295040130615234,3.6161725521087646,0.7266666666666667,0.7894736842105263,0.6842105263157895,0.6060470181282429,0.6833333333333333,0.5928571428571429,0.8917607447019211,0.6666666666666666,0.6923076923076923,1.6223344802856445,1708.51171875,1715.19140625
MUTAG,256,200,0.001,0.4,4.133940696716309,0.0277099609375,4.161650657653809,0.72,0.7894736842105263,0.7368421052631579,0.5828919491525424,0.6833333333333333,0.5622119815668203,0.912259853436324,0.7307692307692308,0.8846153846153846,1.571751594543457,1716.56640625,1719.06640625
MUTAG,256,200,0.0005,0.0,3.6535842418670654,0.027777671813964844,3.6813619136810303,0.7266666666666667,0.7894736842105263,0.7368421052631579,0.6996336996336996,0.7285714285714285,0.7076923076923077,0.8070905129728659,0.7564102564102565,0.7179487179487178,1.6407651901245117,1719.06640625,1717.44140625
MUTAG,256,200,0.0005,0.4,3.811012029647827,0.029447317123413086,3.8404593467712402,0.7733333333333333,0.7894736842105263,0.7368421052631579,0.6950490313322172,0.6833333333333333,0.5622119815668203,0.894830659536542,0.6923076923076923,0.8461538461538463,1.6411104202270508,1717.44140625,1719.44140625
MUTAG,256,500,0.001,0.0,4.988152265548706,0.027675390243530273,5.015827655792236,0.7533333333333333,0.7894736842105263,0.6842105263157895,0.6444814553840241,0.6833333333333333,0.40625,0.9328579916815212,0.7307692307692307,0.576923076923077,1.5717287063598633,1719.44140625,1719.44140625
MUTAG,256,500,0.001,0.4,4.020272493362427,0.027387142181396484,4.047659635543823,0.76,0.7894736842105263,0.7368421052631579,0.6645962732919255,0.6833333333333333,0.5622119815668203,0.9086947910477321,0.6666666666666666,0.7948717948717949,1.5086822509765625,1719.44140625,1718.21484375
MUTAG,256,500,0.0005,0.0,4.397728443145752,0.02776312828063965,4.425491571426392,0.7866666666666666,0.7894736842105263,0.6842105263157895,0.7180451127819549,0.6833333333333333,0.525,0.9146365616953853,0.6025641025641026,0.7884615384615384,1.5754280090332031,1718.21484375,1717.375
MUTAG,256,500,0.0005,0.4,4.0515947341918945,0.027261972427368164,4.078856706619263,0.7333333333333333,0.7894736842105263,0.7894736842105263,0.6196754563894523,0.6833333333333333,0.6833333333333333,0.8742325212913449,0.6025641025641026,0.8461538461538461,1.5652141571044922,1717.375,1715.58984375
ENZYMES,64,300,0.001,0.0,14.64859390258789,0.09341192245483398,14.742005825042725,0.23173277661795408,0.2786885245901639,0.26666666666666666,0.20192518333862575,0.21369395711500974,0.2193575540349734,0.5535639467867982,0.5412715389185978,0.5646666666666667,1.7185373306274414,826.47265625,1664.47265625
ENZYMES,64,300,0.001,0.4,16.622061014175415,0.09141325950622559,16.71347427368164,0.19832985386221294,0.2786885245901639,0.26666666666666666,0.13198372581885126,0.18369974252327192,0.16837606837606836,0.5765167005065406,0.6064824717765894,0.6323333333333333,1.7043027877807617,1664.72265625,1677.97265625
ENZYMES,64,300,0.0005,0.0,15.75220274925232,0.0890967845916748,15.841299533843994,0.16075156576200417,0.29508196721311475,0.11666666666666667,0.09498225513586367,0.1958393113342898,0.05896171012450082,0.5404178100842824,0.586010101010101,0.4746666666666666,1.7093076705932617,1678.09765625,1678.09765625
ENZYMES,64,300,0.0005,0.4,35.44294762611389,0.08690738677978516,35.52985501289368,0.23382045929018788,0.3114754098360656,0.18333333333333332,0.17520628190388857,0.2672333589983318,0.14573906485671193,0.5814190143079216,0.6072964943553179,0.587,1.8703413009643555,1678.22265625,1678.59765625
ENZYMES,64,800,0.001,0.0,14.390119075775146,0.0872342586517334,14.47735333442688,0.21085594989561587,0.2786885245901639,0.15,0.17518483876398386,0.24596699596699598,0.13354700854700854,0.5321149524655521,0.5328847296494356,0.5173333333333334,1.7040605545043945,1678.59765625,1678.59765625
ENZYMES,64,800,0.001,0.4,15.10424542427063,0.08698010444641113,15.191225528717041,0.2045929018789144,0.2786885245901639,0.2,0.13269266741488964,0.15972222222222224,0.1288888888888889,0.5666908568890581,0.6220736779560309,0.531,1.7084503173828125,1678.59765625,1678.59765625
ENZYMES,64,800,0.0005,0.0,17.277992010116577,0.08798766136169434,17.36597967147827,0.23382045929018788,0.3442622950819672,0.25,0.1983685913550167,0.28397763787789365,0.21580571799870044,0.6073696636105032,0.65708853238265,0.639,1.7058725357055664,1678.59765625,1678.97265625
ENZYMES,64,800,0.0005,0.4,38.812801122665405,0.09103608131408691,38.90383720397949,0.21920668058455114,0.32786885245901637,0.26666666666666666,0.13831403082464333,0.2164983164983165,0.18725134981528843,0.5661169405581464,0.6419251336898396,0.6221666666666666,1.709151268005371,1678.97265625,1678.97265625
ENZYMES,128,300,0.001,0.0,15.869235277175903,0.08997058868408203,15.959205865859985,0.21920668058455114,0.26229508196721313,0.21666666666666667,0.14686307159521772,0.19413919413919412,0.13748313090418354,0.5469327525036219,0.5838948306595365,0.5606666666666666,2.497203826904297,1679.09765625,1683.97265625
ENZYMES,128,300,0.001,0.4,25.826631546020508,0.08787226676940918,25.914503812789917,0.19832985386221294,0.3114754098360656,0.26666666666666666,0.16346761357944586,0.24505494505494507,0.21377796342708622,0.5803472023941711,0.6396316102198455,0.63,2.4985151290893555,1683.97265625,1685.22265625
ENZYMES,128,300,0.0005,0.0,29.78035283088684,0.08921456336975098,29.869567394256592,0.2567849686847599,0.32786885245901637,0.21666666666666667,0.22804562939088702,0.2798504313597193,0.18730327054823345,0.6137128951069657,0.6756268568033273,0.5623333333333334,2.499795913696289,1685.22265625,1686.59765625
ENZYMES,128,300,0.0005,0.4,17.86931300163269,0.08903264999389648,17.958345651626587,0.162839248434238,0.26229508196721313,0.18333333333333332,0.08318292399302851,0.1726107226107226,0.12112332112332112,0.5605648350834893,0.6781996434937612,0.47900000000000004,2.5355024337768555,1686.59765625,1686.59765625
ENZYMES,128,800,0.001,0.0,27.255775451660156,0.09110665321350098,27.346882104873657,0.20876826722338204,0.32786885245901637,0.18333333333333332,0.16622293846674613,0.28545986177565125,0.14440504334121354,0.5894262621215486,0.6032501485442662,0.5003333333333333,2.4998111724853516,1686.59765625,1686.72265625
ENZYMES,128,800,0.001,0.4,37.084349393844604,0.09006690979003906,37.174416303634644,0.24843423799582465,0.3114754098360656,0.25,0.18305127161682275,0.24320124320124323,0.17927112632994988,0.5798015344267843,0.7109209744503863,0.5886666666666667,2.501715660095215,1686.72265625,1687.34765625
ENZYMES,128,800,0.0005,0.0,27.28679847717285,0.08852148056030273,27.375319957733154,0.2567849686847599,0.3114754098360656,0.2833333333333333,0.2220482535653221,0.25972280407764275,0.22685185185185186,0.5949946596448928,0.5892869875222816,0.6056666666666667,2.498061180114746,1687.34765625,1685.578125
ENZYMES,128,800,0.0005,0.4,15.967436790466309,0.09121823310852051,16.05865502357483,0.2045929018789144,0.29508196721311475,0.31666666666666665,0.1301434781187698,0.19116161616161617,0.20794694988243376,0.538317662563582,0.609809863339275,0.5953333333333334,2.4978694915771484,1685.578125,1686.453125
ENZYMES,256,300,0.001,0.0,29.251005172729492,0.09150028228759766,29.34250545501709,0.2254697286012526,0.36065573770491804,0.21666666666666667,0.18022454625331616,0.2766810926520546,0.16942651153177468,0.6086111507672133,0.6110932857991681,0.603,4.458344459533691,1686.453125,1706.21875
ENZYMES,256,300,0.001,0.4,26.873777866363525,0.10325193405151367,26.97702980041504,0.20876826722338204,0.26229508196721313,0.2833333333333333,0.16721368212888,0.20763305322128853,0.2217357910906298,0.5567860976280364,0.6097920380273322,0.6161666666666668,4.078813552856445,1706.21875,1709.21875
ENZYMES,256,300,0.0005,0.0,22.770955562591553,0.09487652778625488,22.865832090377808,0.23382045929018788,0.3114754098360656,0.2833333333333333,0.1908203240216357,0.25032299741602065,0.2386281692164045,0.5946785939003627,0.6378431372549019,0.5996666666666667,4.07938289642334,1709.21875,1706.51953125
ENZYMES,256,300,0.0005,0.4,15.61384916305542,0.09682297706604004,15.71067214012146,0.18580375782881003,0.29508196721311475,0.18333333333333332,0.11024496149680245,0.19444444444444442,0.09264013692768507,0.549738111100536,0.6118478906714201,0.5553333333333333,4.07534122467041,1706.51953125,1707.14453125
ENZYMES,256,800,0.001,0.0,26.1290545463562,0.09493255615234375,26.223987102508545,0.2359081419624217,0.3114754098360656,0.25,0.1783736692466851,0.2493170911775563,0.18997113997113999,0.5828021662806807,0.6431313131313131,0.6449999999999999,4.4568634033203125,1707.14453125,1708.5859375
ENZYMES,256,800,0.001,0.4,44.19511365890503,0.09952402114868164,44.29463768005371,0.19832985386221294,0.3442622950819672,0.18333333333333332,0.15546487582193552,0.24967707768219274,0.15021008403361344,0.5933484092615505,0.7203802733214498,0.5733333333333334,4.300498008728027,1708.5859375,1712.05078125
ENZYMES,256,800,0.0005,0.0,25.813961267471313,0.09728240966796875,25.911243677139282,0.23173277661795408,0.29508196721311475,0.16666666666666666,0.18457775258604858,0.24438994178124615,0.16192630898513252,0.5900506540613136,0.6142899584076055,0.5066666666666667,4.336757659912109,1712.05078125,1712.05078125
ENZYMES,256,800,0.0005,0.4,15.891552209854126,0.09565353393554688,15.987205743789673,0.17954070981210857,0.26229508196721313,0.15,0.10107520868827706,0.13133133133133135,0.07685492801771872,0.5615732633270941,0.6425371360665478,0.5569999999999999,4.078351974487305,1712.05078125,1712.05078125
IMDB-MULTI,64,200,0.001,0.0,27.303630590438843,0.0955350399017334,27.399165630340576,0.4225,0.4666666666666667,0.3933333333333333,0.3821834535747264,0.4307500778089013,0.33888300999412113,0.6692062499999999,0.6389,0.5983999999999999,2.134439468383789,840.58984375,1685.08984375
IMDB-MULTI,64,200,0.001,0.4,18.979819536209106,0.1017909049987793,19.081610441207886,0.385,0.48,0.42,0.34307644030007367,0.45570636548080157,0.3799560465518477,0.6329380208333333,0.6642,0.6109333333333334,1.9015998840332031,1685.33984375,1699.33984375
IMDB-MULTI,64,200,0.0005,0.0,21.84070611000061,0.10140514373779297,21.942111253738403,0.44916666666666666,0.49333333333333335,0.36666666666666664,0.44875488207755937,0.4913585347380018,0.3552868698602238,0.6547166666666666,0.6568,0.5769666666666667,2.0926923751831055,1699.33984375,1699.46484375
IMDB-MULTI,64,200,0.0005,0.4,25.68968391418457,0.10439610481262207,25.794080018997192,0.4275,0.5333333333333333,0.37333333333333335,0.42747725196644154,0.5341484341484342,0.3701113701113701,0.6356098958333334,0.6891666666666666,0.5752666666666667,1.9355850219726562,1699.46484375,1700.33984375
IMDB-MULTI,64,500,0.001,0.0,35.71163463592529,0.09743380546569824,35.80906844139099,0.4725,0.49333333333333335,0.3333333333333333,0.4519884113817012,0.4792001649144506,0.3078323878600954,0.6581276041666667,0.6251666666666668,0.5445999999999999,1.9016218185424805,1700.33984375,1700.33984375
IMDB-MULTI,64,500,0.001,0.4,16.913191318511963,0.09578442573547363,17.008975744247437,0.415,0.49333333333333335,0.35333333333333333,0.4128945482813078,0.49209255021612003,0.3497487361123725,0.6265723958333334,0.6419666666666667,0.5586000000000001,1.9354515075683594,1700.33984375,1700.33984375
IMDB-MULTI,64,500,0.0005,0.0,14.785591125488281,0.1040811538696289,14.88967227935791,0.4083333333333333,0.49333333333333335,0.42,0.3971558963102862,0.4835014519007153,0.4041385515069726,0.611584375,0.6518333333333334,0.5779333333333334,1.895920753479004,1700.33984375,1700.33984375
IMDB-MULTI,64,500,0.0005,0.4,24.71655774116516,0.09642553329467773,24.81298327445984,0.42083333333333334,0.52,0.44,0.40450834072481984,0.4895620279906483,0.41562360403823817,0.6428098958333334,0.6659,0.6111333333333333,1.8966903686523438,1700.33984375,1700.33984375
IMDB-MULTI,128,200,0.001,0.0,16.342055559158325,0.10185027122497559,16.4439058303833,0.4191666666666667,0.48,0.38,0.39827973328922117,0.4596949891067538,0.3426557938185845,0.6250052083333334,0.6463333333333334,0.5955,2.9265995025634766,1700.33984375,1704.33984375
IMDB-MULTI,128,200,0.001,0.4,18.424253225326538,0.10266423225402832,18.526917457580566,0.4116666666666667,0.4866666666666667,0.3933333333333333,0.39365180071897515,0.4742306928727417,0.3614832535885168,0.6138390625,0.6489333333333334,0.6053333333333334,2.9794111251831055,1704.33984375,1705.46484375
IMDB-MULTI,128,200,0.0005,0.0,33.22546601295471,0.09652280807495117,33.32198882102966,0.5,0.5266666666666666,0.36666666666666664,0.49582015592030443,0.5222646110965944,0.3526395173453997,0.7116187500000001,0.6636333333333333,0.5781333333333333,3.0357666015625,1705.46484375,1705.46484375
IMDB-MULTI,128,200,0.0005,0.4,27.43502974510193,0.09795641899108887,27.532986164093018,0.455,0.5,0.38,0.44276366760057145,0.48924380704041726,0.3654639814738235,0.6429119791666668,0.6771666666666666,0.5791333333333334,2.8870506286621094,1705.46484375,1705.58984375
IMDB-MULTI,128,500,0.001,0.0,20.57490110397339,0.1000359058380127,20.6749370098114,0.4225,0.52,0.38666666666666666,0.41999623018982657,0.5218181818181818,0.36527717806490184,0.626315625,0.6874666666666666,0.5680666666666667,3.0346450805664062,1705.58984375,1707.21484375
IMDB-MULTI,128,500,0.001,0.4,19.171209812164307,0.10698986053466797,19.278199672698975,0.42333333333333334,0.4866666666666667,0.32,0.418137924331363,0.47843370728091433,0.31287122157908676,0.6242229166666667,0.6396000000000001,0.5494,2.8865909576416016,1707.21484375,1707.21484375
IMDB-MULTI,128,500,0.0005,0.0,26.54934024810791,0.10848116874694824,26.65782141685486,0.47833333333333333,0.4866666666666667,0.4533333333333333,0.4740333590561059,0.480839549510019,0.4481317795591318,0.6700750000000001,0.6572666666666667,0.6345333333333333,2.8899736404418945,1707.21484375,1707.21484375
IMDB-MULTI,128,500,0.0005,0.4,18.96049690246582,0.0999307632446289,19.06042766571045,0.43583333333333335,0.5066666666666667,0.44666666666666666,0.4276294898534278,0.5057724185781032,0.44118404118404114,0.6263755208333334,0.6762,0.6190666666666665,2.8864517211914062,1707.21484375,1707.46484375
IMDB-MULTI,256,200,0.001,0.0,23.308183431625366,0.10528779029846191,23.413471221923828,0.44333333333333336,0.4866666666666667,0.36666666666666664,0.437789290021096,0.47807017543859653,0.3643428923588084,0.6234338541666666,0.6349666666666667,0.5395333333333334,4.903506278991699,1707.46484375,1721.6640625
IMDB-MULTI,256,200,0.001,0.4,43.03316521644592,0.0995028018951416,43.132668018341064,0.455,0.5133333333333333,0.38,0.4335817663401272,0.49136502641089796,0.3416861461742247,0.6594229166666666,0.657,0.5912999999999999,4.86846923828125,1721.6640625,1724.1640625
IMDB-MULTI,256,200,0.0005,0.0,26.350106239318848,0.10496401786804199,26.45507025718689,0.44916666666666666,0.47333333333333333,0.4066666666666667,0.4261534237935198,0.4347077160872263,0.3845922461309032,0.6360145833333334,0.6614,0.5827333333333334,4.866683006286621,1724.1640625,1724.1640625
IMDB-MULTI,256,200,0.0005,0.4,27.90540313720703,0.10599589347839355,28.011399030685425,0.45,0.49333333333333335,0.43333333333333335,0.3970329866663063,0.443425611138093,0.3858407355462054,0.6181791666666666,0.6531666666666668,0.5978,4.866520881652832,1724.1640625,1724.1640625
IMDB-MULTI,256,500,0.001,0.0,19.303224325180054,0.10553717613220215,19.408761501312256,0.4483333333333333,0.5,0.38666666666666666,0.43279574028039347,0.475327812284334,0.3692502332468024,0.6270010416666668,0.6550333333333334,0.5869,4.86567497253418,1724.1640625,1726.6640625
IMDB-MULTI,256,500,0.001,0.4,29.382824182510376,0.10170197486877441,29.48452615737915,0.39416666666666667,0.4866666666666667,0.36666666666666664,0.3378971332167768,0.4366688116688116,0.29690309690309685,0.6339317708333333,0.6486333333333333,0.559,5.179218292236328,1726.6640625,1719.90234375
IMDB-MULTI,256,500,0.0005,0.0,29.225524425506592,0.10348820686340332,29.329012632369995,0.44083333333333335,0.5066666666666667,0.38,0.437321137807314,0.5066193853427896,0.3727410813535215,0.6632322916666666,0.6516666666666667,0.5706333333333333,5.130234718322754,1719.90234375,1724.27734375
IMDB-MULTI,256,500,0.0005,0.4,34.284937381744385,0.10625720024108887,34.391194581985474,0.4066666666666667,0.4866666666666667,0.4,0.3716312715369175,0.4505837506865256,0.3354675430147129,0.6348796874999999,0.6577,0.5963666666666666,5.284741401672363,1724.27734375,1719.62109375
