Dataset,Dim,Accuracy,F1,AUC,TrainTime
MUTAG,dim64,0.8421052631578947,0.8385627530364372,0.8953846153846154,0.0044138431549072266
MUTAG,dim128,0.8421052631578947,0.8385627530364372,0.8953846153846154,0.004491567611694336
MUTAG,dim256,0.6578947368421053,0.5221386800334169,0.8769230769230769,0.007119655609130859
ENZYMES,dim64,0.23333333333333334,0.2022628363697036,0.5836666666666667,0.06466269493103027
ENZYMES,dim128,0.23333333333333334,0.2022628363697036,0.5882499999999999,0.07766461372375488
ENZYMES,dim256,0.21666666666666667,0.18209348123141225,0.5713333333333334,0.12024927139282227
IMDB-MULTI,dim64,0.42333333333333334,0.410227696225751,0.5968333333333332,0.26491689682006836
IMDB-MULTI,dim128,0.42333333333333334,0.410227696225751,0.5964999999999999,0.36106371879577637
IMDB-MULTI,dim256,0.45666666666666667,0.40837381159961805,0.41835,0.7083945274353027
